canet,bpnet,svm
0.703333333,0.851488889,0.84
0.678333333,0.858055556,0.858333333
0.648333333,0.887288889,0.865
0.516666667,0.874655556,0.861666667
