,loss,acc
0,0.034273053258657454,0.805
1,0.04280435174703598,0.66
2,0.04456460148096084,0.58
3,0.04352028071880341,0.615
