,loss,acc
0,0.043909601718187335,0.605
1,0.04393964380025864,0.605
2,0.04849793076515198,0.5
3,0.0451335135102272,0.52
